{
  "version": "20260309_150903",
  "accuracy": 0.5718088913062147,
  "auc": 0.5981899138132744,
  "brier": 0.28470889689814566,
  "n_matches": 349718,
  "n_players": 14525,
  "n_h2h_pairs": 180331,
  "trained_at": "2026-03-09T15:09:17.870200",
  "previous_accuracy": 0.5715962105383668,
  "improvement": 0.0002126807678478615,
  "features": [
    "log_rank_ratio",
    "pts_diff_norm",
    "age_diff",
    "surf_clay",
    "surf_grass",
    "surf_hard",
    "level_gs",
    "level_m",
    "best_of_5",
    "surf_wr_diff",
    "career_wr_diff",
    "recent_form_diff",
    "h2h_ratio",
    "ace_diff_norm",
    "df_diff_norm",
    "pct_1st_in_diff",
    "pct_1st_won_diff",
    "pct_2nd_won_diff",
    "pct_bp_saved_diff",
    "days_since_last_diff",
    "fatigue_diff"
  ],
  "top5_features": [
    [
      "career_wr_diff",
      0.35795136113673637
    ],
    [
      "surf_wr_diff",
      0.2817232280272237
    ],
    [
      "fatigue_diff",
      0.15257200677036672
    ],
    [
      "pts_diff_norm",
      0.05298713925102763
    ],
    [
      "log_rank_ratio",
      0.029458371399162762
    ]
  ],
  "fixes_applied": [
    "no_data_leakage",
    "correct_split",
    "prefit_calibration",
    "h2h_string_keys"
  ]
}