{
  "version": "20260310_170129",
  "accuracy": 0.570774163994503,
  "auc": 0.5981902000737752,
  "brier": 0.2844228171170146,
  "n_matches": 349726,
  "n_players": 14525,
  "n_h2h_pairs": 180334,
  "trained_at": "2026-03-10T17:01:40.454551",
  "previous_accuracy": 0.5718088913062147,
  "improvement": -0.001034727311711725,
  "features": [
    "log_rank_ratio",
    "pts_diff_norm",
    "age_diff",
    "surf_clay",
    "surf_grass",
    "surf_hard",
    "level_gs",
    "level_m",
    "best_of_5",
    "surf_wr_diff",
    "career_wr_diff",
    "recent_form_diff",
    "h2h_ratio",
    "ace_diff_norm",
    "df_diff_norm",
    "pct_1st_in_diff",
    "pct_1st_won_diff",
    "pct_2nd_won_diff",
    "pct_bp_saved_diff",
    "days_since_last_diff",
    "fatigue_diff"
  ],
  "top5_features": [
    [
      "career_wr_diff",
      0.3567758428662894
    ],
    [
      "surf_wr_diff",
      0.27859421460477723
    ],
    [
      "fatigue_diff",
      0.15428104264060447
    ],
    [
      "pts_diff_norm",
      0.05486638728717658
    ],
    [
      "log_rank_ratio",
      0.029415691674532715
    ]
  ],
  "fixes_applied": [
    "no_data_leakage",
    "correct_split",
    "prefit_calibration",
    "h2h_string_keys"
  ]
}