{
  "version": "20260228_134557",
  "accuracy": 0.7780797814129479,
  "auc": 0.8822118376060051,
  "brier": 0.13779083477142892,
  "n_matches": 349517,
  "n_players": 15932,
  "trained_at": "2026-02-28T13:46:04.436156",
  "previous_accuracy": 0.7777245286257904,
  "improvement": 0.0003552527871574229,
  "features": [
    "log_rank_ratio",
    "pts_diff_norm",
    "age_diff",
    "surf_clay",
    "surf_grass",
    "surf_hard",
    "level_gs",
    "level_m",
    "best_of_5",
    "surf_wr_diff",
    "career_wr_diff",
    "recent_form_diff",
    "h2h_ratio",
    "ace_diff_norm",
    "df_diff_norm",
    "pct_1st_in_diff",
    "pct_1st_won_diff",
    "pct_2nd_won_diff",
    "pct_bp_saved_diff",
    "days_since_last_diff",
    "fatigue_diff"
  ],
  "top5_features": [
    [
      "h2h_ratio",
      0.5668662706650478
    ],
    [
      "surf_wr_diff",
      0.15808493625635092
    ],
    [
      "career_wr_diff",
      0.13584992200295049
    ],
    [
      "fatigue_diff",
      0.05975569875598333
    ],
    [
      "pts_diff_norm",
      0.017832205508916545
    ]
  ]
}